donor_id,donor_name,blood_group,city,last_donation_date,trust_score,phone,language,status,availability_score,acceptance_prediction,response_rate,donation_reliability,fatigue_score
D001,Sneha Sharma,A-,Mumbai,2025-12-28,77,919883197857,Hindi,active,93,81,79,74,6
D002,Siddharth More,O+,Mumbai,2026-03-01,72,919813561597,Tamil,active,86,77,78,77,38
D003,Rohan Malhotra,A+,Mumbai,2026-01-11,84,919831429110,Telugu,active,97,86,82,95,0
D004,Tanvi Patil,A+,Mumbai,2026-01-28,76,919822981052,Marathi,active,72,79,86,73,24
D005,Riya Joshi,O+,Mumbai,2026-02-25,93,919820576383,Tamil,active,73,89,94,87,24
D006,Neha Joshi,A+,Mumbai,2025-10-12,76,919848840994,Hindi,active,91,76,69,71,14
D007,Kavya Kulkarni,A+,Mumbai,2025-12-27,84,919838119557,Telugu,active,81,85,88,75,22
D008,Arjun Verma,B+,Mumbai,2026-01-24,87,919846231783,Telugu,active,84,84,80,75,24
D009,Diya Nair,AB+,Mumbai,2025-12-15,96,919852339391,Gujarati,active,96,85,68,77,2
D010,Arjun Verma,O+,Mumbai,2025-10-14,98,919863100814,Telugu,active,90,91,85,76,31
D011,Omkar Mehta,O+,Mumbai,2026-02-01,77,919867503414,Tamil,active,93,89,99,78,37
D012,Yash Shah,O+,Mumbai,2026-02-01,86,919824716857,English,active,94,92,96,72,3
D013,Anjali More,B+,Mumbai,2026-02-20,82,919843744231,Tamil,active,84,85,89,89,33
D014,Rahul Kulkarni,AB+,Mumbai,2025-10-22,94,919824972279,Marathi,active,90,88,82,94,21
D015,Tanvi Deshmukh,A+,Mumbai,2026-03-08,93,919878139880,Hindi,active,94,88,81,86,11
D016,Neha Yadav,B+,Mumbai,2026-01-17,74,919881182864,Hindi,active,75,80,88,94,34
D017,Ishita Patil,B+,Mumbai,2026-03-04,73,919842138745,Hindi,active,96,84,88,98,19
D018,Kavya Chavan,O+,Mumbai,2026-02-15,93,919826879290,English,active,72,90,96,96,34
D019,Meera Malhotra,O+,Mumbai,2025-12-31,86,919836998038,Telugu,active,99,91,92,76,34
D020,Neha Agarwal,AB+,Mumbai,2025-12-03,84,919840158366,Hindi,active,73,87,98,84,15
D021,Ved Sharma,B+,Mumbai,2025-10-18,77,919817901903,English,active,72,77,79,70,40
D022,Amit Patel,A+,Mumbai,2026-02-18,86,919838754377,Tamil,active,91,85,80,78,31
D023,Karan Chavan,B+,Mumbai,2025-11-07,77,919822660194,Hindi,active,83,85,95,95,12
D024,Tanvi Shah,A+,Mumbai,2025-11-23,84,919818135295,Gujarati,active,90,79,68,91,6
D025,Ved Kulkarni,O+,Mumbai,2026-01-18,76,919834627347,Marathi,active,74,85,99,84,27
D026,Omkar Nair,O+,Mumbai,2025-11-15,95,919811980765,Hindi,active,90,84,71,71,34
D027,Kavya Deshmukh,A+,Mumbai,2025-11-04,85,919832097220,Gujarati,active,82,82,78,97,3
D028,Rahul Agarwal,O+,Mumbai,2025-11-12,79,919898834863,Telugu,active,93,87,92,92,35
D029,Meera Mehta,O+,Mumbai,2025-12-23,76,919818181586,Telugu,active,93,76,68,88,34
D030,Ved Patel,O+,Mumbai,2025-10-10,85,919831130263,Hindi,active,97,92,97,99,33
D031,Aditya Verma,O+,Mumbai,2026-02-19,89,919864193837,Hindi,active,97,83,69,91,15
D032,Siddharth Nair,B+,Mumbai,2026-02-26,89,919885863473,Tamil,active,91,82,70,83,37
D033,Ved Rao,O+,Mumbai,2025-12-18,77,919871367643,Marathi,active,74,78,81,82,19
D034,Amit Sharma,A+,Mumbai,2025-10-15,73,919845594597,English,active,76,72,69,87,32
D035,Riya Verma,O+,Mumbai,2025-12-04,79,919850603163,Tamil,active,96,81,75,84,34
D036,Aditya Sharma,AB+,Mumbai,2025-10-18,79,919825492573,Hindi,active,74,75,71,98,16
D037,Diya Mehta,O+,Mumbai,2025-12-26,89,919895125977,Marathi,active,80,83,78,92,13
D038,Aditya Kapoor,O+,Mumbai,2026-02-23,72,919810475894,Marathi,active,78,81,92,96,2
D039,Karan Rao,O+,Mumbai,2025-11-15,87,919820099059,Telugu,active,70,86,92,87,7
D040,Karan Malhotra,O+,Mumbai,2025-12-04,88,919851373735,Marathi,active,74,80,74,83,2
D041,Priya Shah,O+,Mumbai,2026-01-04,91,919864543049,Tamil,active,94,84,71,81,35
D042,Karan Nair,O+,Mumbai,2026-01-22,98,919865259205,Telugu,active,75,91,91,70,21
D043,Kavya Rao,O+,Mumbai,2026-02-09,82,919836786211,Gujarati,active,85,77,67,97,14
D044,Riya Gupta,O+,Mumbai,2026-01-10,70,919819317495,Marathi,active,80,75,77,82,17
D045,Riya Yadav,A+,Mumbai,2025-10-22,80,919833966966,Tamil,active,98,78,66,73,16
D046,Arjun Patel,O+,Mumbai,2025-11-17,81,919825521714,Gujarati,active,89,84,85,83,32
D047,Siddharth Singh,O+,Mumbai,2026-02-25,92,919836445607,Marathi,active,86,91,92,70,34
D048,Tanvi Verma,AB+,Mumbai,2025-12-14,89,919850308572,Tamil,active,97,89,85,91,7
D049,Neha More,A+,Mumbai,2025-11-25,92,919866431351,Telugu,active,74,85,83,87,12
D050,Yash Deshmukh,B+,Mumbai,2025-10-14,79,919850785405,Marathi,active,96,87,90,87,0
D051,Rohan More,B+,Mumbai,2025-12-16,84,919878608612,Gujarati,active,91,89,93,84,13
D052,Anjali Verma,A+,Mumbai,2025-10-28,91,919851663795,English,active,96,90,86,72,15
D053,Rohan Mehta,O+,Mumbai,2026-02-25,77,919871124923,Gujarati,active,97,88,95,89,4
D054,Siddharth Singh,O-,Mumbai,2025-11-30,85,919824305904,Gujarati,active,74,85,90,77,0
D055,Kavya Deshmukh,AB+,Mumbai,2025-10-27,84,919871265269,English,active,77,76,68,87,7
D056,Omkar Yadav,B+,Mumbai,2025-12-17,94,919867276174,Tamil,active,96,94,93,89,32
D057,Omkar Deshmukh,A-,Mumbai,2025-11-07,84,919847220099,Tamil,active,77,81,81,94,40
D058,Meera Nair,A+,Mumbai,2025-11-16,72,919852910691,Tamil,active,78,78,83,77,21
D059,Amit Mehta,O+,Mumbai,2026-01-08,82,919865682626,Gujarati,active,76,78,74,92,4
D060,Ved Malhotra,A+,Mumbai,2025-11-22,71,919888393811,Telugu,active,83,76,78,96,24
D061,Rahul Chavan,A+,Mumbai,2025-11-06,70,919866240084,Tamil,active,94,82,87,79,24
D062,Diya Joshi,O+,Mumbai,2025-11-04,77,919862191530,Marathi,active,85,81,82,83,1
D063,Yash Deshmukh,A+,Mumbai,2026-02-04,89,919889442503,Tamil,active,99,95,99,70,25
D064,Rahul Verma,B+,Mumbai,2025-11-19,74,919860882459,Marathi,active,71,81,94,75,16
D065,Rohan Jadhav,A+,Mumbai,2025-12-12,94,919843859311,Hindi,active,94,92,89,78,26
D066,Meera Sharma,A-,Mumbai,2025-10-21,71,919897477029,Hindi,active,90,81,87,77,4
D067,Rahul Nair,O+,Mumbai,2026-03-03,89,919899853245,Hindi,active,74,80,74,77,30
D068,Siddharth Singh,A+,Mumbai,2026-01-02,94,919825372341,English,active,89,91,88,75,38
D069,Neha Kulkarni,B+,Mumbai,2026-03-02,99,919863238057,Telugu,active,91,91,84,88,24
D070,Rohan Verma,B+,Mumbai,2026-01-05,73,919826247735,Tamil,active,91,81,84,97,38
D071,Priya Shah,B+,Mumbai,2025-11-19,91,919811698142,Gujarati,active,86,89,88,72,21
D072,Meera Kulkarni,A+,Mumbai,2025-12-06,90,919833640702,Telugu,active,74,88,94,92,27
D073,Aditya Rao,B+,Mumbai,2025-10-22,94,919846023439,Marathi,active,83,92,95,84,37
D074,Kavya Verma,A+,Mumbai,2025-11-13,77,919855150390,Hindi,active,89,86,94,88,24
D075,Meera Patil,O+,Mumbai,2025-11-04,76,919847535126,Tamil,active,78,81,87,95,21
D076,Arjun Malhotra,O+,Mumbai,2025-10-27,76,919875575808,Tamil,active,93,77,70,77,26
D077,Kavya Kapoor,B+,Mumbai,2025-11-03,84,919864277800,Telugu,active,79,76,66,72,14
D078,Kavya Gupta,B+,Mumbai,2025-10-11,81,919867110154,Telugu,active,86,88,95,87,22
D079,Diya Patil,A+,Mumbai,2025-11-12,78,919835848226,Marathi,active,77,80,84,78,7
D080,Sneha Malhotra,B-,Mumbai,2026-01-20,76,919889133014,Tamil,active,85,79,78,93,17
D081,Ishita Gupta,O+,Pune,2026-01-18,79,919811898961,Telugu,active,75,78,79,81,19
D082,Diya Mehta,A+,Pune,2026-02-25,71,919875884623,Hindi,active,74,76,83,92,40
D083,Rahul Chavan,A+,Pune,2025-11-08,85,919843887075,Gujarati,active,75,86,93,80,3
D084,Sneha Verma,A+,Pune,2025-11-03,72,919850780112,Hindi,active,74,71,68,74,36
D085,Kavya Kulkarni,B+,Pune,2025-11-22,89,919870467027,Gujarati,active,86,84,79,94,24
D086,Neha Chavan,A+,Pune,2025-12-20,88,919837888820,Telugu,active,93,81,68,89,6
D087,Rohan Rao,B+,Pune,2026-02-16,75,919831009452,Hindi,active,87,79,80,75,4
D088,Tanvi Jadhav,AB+,Pune,2025-11-08,79,919870939053,Hindi,active,79,74,67,77,18
D089,Kavya Rao,B+,Pune,2025-10-09,91,919840173413,Telugu,active,73,82,77,83,34
D090,Karan Rao,O+,Pune,2026-02-18,71,919886397676,Marathi,active,79,74,75,95,38
D091,Omkar Kulkarni,A+,Pune,2025-12-21,92,919876276072,Gujarati,active,86,90,90,78,34
D092,Amit Joshi,O+,Pune,2025-11-18,93,919822257687,English,active,78,87,85,89,1
D093,Siddharth Chavan,O+,Pune,2025-12-30,88,919873149551,Tamil,active,94,81,67,94,11
D094,Omkar Rao,O+,Pune,2025-10-10,83,919864807553,Marathi,active,85,89,96,72,22
D095,Ved Kulkarni,O+,Pune,2025-12-14,83,919883832717,Hindi,active,91,90,96,79,25
D096,Omkar Verma,A+,Pune,2026-01-03,80,919810154493,Telugu,active,82,77,72,94,32
D097,Diya Jadhav,A+,Pune,2026-02-23,76,919893940940,Gujarati,active,89,87,98,81,31
D098,Priya Singh,O+,Pune,2025-10-19,74,919826297533,Hindi,active,98,82,83,84,31
D099,Ishita Nair,O-,Pune,2026-01-27,79,919840158811,Hindi,active,83,74,65,87,5
D100,Omkar Kulkarni,B+,Pune,2026-01-28,85,919865766169,Gujarati,active,92,86,83,86,17
D101,Meera Nair,A+,Pune,2025-10-18,74,919878214937,Telugu,active,99,85,89,76,38
D102,Karan Verma,A+,Pune,2025-11-22,80,919847962005,Telugu,active,96,90,97,78,0
D103,Neha Chavan,B+,Pune,2025-11-03,97,919856321751,Marathi,active,87,86,74,84,30
D104,Diya Malhotra,A+,Pune,2025-11-12,99,919886745380,Gujarati,active,76,89,85,97,15
D105,Kavya More,O+,Pune,2025-12-17,93,919861818612,Telugu,active,99,95,95,92,24
D106,Karan Kapoor,O+,Pune,2026-02-04,86,919823383077,Tamil,active,73,83,86,97,28
D107,Omkar Sharma,O-,Pune,2026-01-31,83,919855440919,Tamil,active,85,80,74,72,16
D108,Yash Verma,A+,Pune,2025-10-23,82,919882613940,Hindi,active,92,85,85,90,31
D109,Ishita Verma,O+,Pune,2025-12-25,77,919823489853,Gujarati,active,73,73,70,83,40
D110,Anjali Gupta,O+,Pune,2026-02-25,80,919867805802,English,active,81,75,68,79,23
D111,Kavya Yadav,A+,Pune,2025-10-15,91,919891804602,Gujarati,active,75,82,76,75,5
D112,Ishita Nair,B+,Pune,2025-10-10,74,919871682508,Marathi,active,90,79,79,84,16
D113,Rahul Jadhav,A+,Pune,2025-10-20,75,919850151803,Telugu,active,81,74,69,84,37
D114,Tanvi Rao,A+,Pune,2025-12-21,76,919841837210,Gujarati,active,85,83,89,97,6
D115,Siddharth Shah,B+,Pune,2025-12-23,92,919846840133,Hindi,active,96,89,83,70,25
D116,Siddharth Patel,B+,Pune,2025-11-01,96,919891478884,Marathi,active,95,91,83,94,14
D117,Kavya Singh,B+,Pune,2026-01-03,91,919896750368,Hindi,active,73,80,73,90,40
D118,Neha Jadhav,O+,Pune,2025-10-11,81,919853851498,Telugu,active,99,81,73,72,18
D119,Tanvi Deshmukh,O+,Pune,2026-02-03,95,919877349752,Marathi,active,81,94,99,98,33
D120,Anjali Rao,B+,Pune,2025-12-23,93,919820106509,English,active,73,86,86,95,29
D121,Kavya Agarwal,B+,Pune,2025-12-05,72,919826587799,Gujarati,active,78,80,90,70,34
D122,Riya Rao,B+,Pune,2025-12-01,96,919873280554,Hindi,active,91,92,88,73,14
D123,Ishita Malhotra,A+,Pune,2026-01-11,90,919850559278,Telugu,active,96,83,69,90,29
D124,Tanvi Kulkarni,O+,Pune,2026-02-25,71,919841514326,Tamil,active,73,77,84,85,6
D125,Karan Agarwal,A+,Pune,2025-12-04,91,919865684858,Telugu,active,88,94,99,83,9
D126,Sneha Kapoor,B+,Pune,2025-11-24,78,919869509870,Gujarati,active,81,74,67,92,13
D127,Kavya Shah,O+,Pune,2025-12-04,87,919835475673,Hindi,active,82,86,87,71,17
D128,Omkar Verma,B+,Pune,2026-01-13,90,919842691263,English,active,95,81,66,71,21
D129,Siddharth Singh,O+,Pune,2025-10-18,76,919854098516,English,active,97,81,78,96,14
D130,Ishita Sharma,A+,Pune,2026-01-30,74,919824754064,Telugu,active,95,88,99,78,11
D131,Rahul Mehta,O+,Pune,2025-12-07,95,919833386929,Marathi,active,80,86,80,88,1
D132,Priya Mehta,A-,Pune,2025-11-21,86,919870166480,Marathi,active,72,78,72,93,30
D133,Aditya Chavan,O+,Pune,2025-11-13,86,919850484137,Gujarati,active,71,80,79,89,33
D134,Rahul Patel,B+,Pune,2025-11-26,83,919819863756,Hindi,active,92,80,71,85,28
D135,Ved Joshi,O+,Pune,2026-02-20,74,919883599154,Telugu,active,90,80,82,89,37
D136,Ved Agarwal,B+,Pune,2025-10-24,79,919823311507,Telugu,active,89,87,94,86,27
D137,Sneha Malhotra,O-,Pune,2026-01-12,83,919855490631,Gujarati,active,77,86,93,98,26
D138,Yash More,O-,Pune,2026-02-12,80,919860237832,English,active,91,87,92,80,16
D139,Meera Verma,O+,Pune,2026-02-15,72,919827463800,Tamil,active,93,84,92,73,23
D140,Priya Chavan,B+,Pune,2025-10-16,80,919816904975,Marathi,active,81,77,72,83,27
D141,Ishita Gupta,A+,Nashik,2026-02-10,88,919840097636,Hindi,active,74,89,97,76,30
D142,Riya Malhotra,A+,Nashik,2026-02-07,94,919885291541,Tamil,active,77,86,82,88,27
D143,Ishita Malhotra,O+,Nashik,2025-12-30,70,919855610493,Marathi,active,92,77,76,78,19
D144,Rahul Deshmukh,O+,Nashik,2025-10-15,91,919814114726,Hindi,active,74,87,90,72,40
D145,Aditya Singh,A+,Nashik,2025-11-21,84,919853537934,Tamil,active,81,84,86,75,19
D146,Ishita Verma,O+,Nashik,2026-01-28,75,919869473616,Telugu,active,72,72,68,91,17
D147,Tanvi Kapoor,B+,Nashik,2025-11-15,83,919825276327,Marathi,active,94,85,82,76,32
D148,Tanvi Kulkarni,A+,Nashik,2025-11-04,86,919890440034,Hindi,active,77,83,84,71,25
D149,Rahul Singh,A+,Nashik,2026-01-13,94,919854039837,Hindi,active,78,82,73,94,18
D150,Rahul Kapoor,A-,Nashik,2025-11-18,75,919877144075,Tamil,active,87,77,73,82,14
D151,Riya Verma,A+,Nashik,2026-02-26,83,919852018286,Tamil,active,99,79,66,84,4
D152,Tanvi Chavan,A+,Nashik,2025-11-22,79,919833068427,Tamil,active,70,74,72,82,20
D153,Omkar Shah,O+,Nashik,2025-11-17,97,919863747464,Tamil,active,83,84,71,77,37
D154,Amit Agarwal,A+,Nashik,2025-12-12,77,919878515906,Telugu,active,75,80,86,94,4
D155,Sneha Yadav,B+,Nashik,2026-01-18,98,919841711468,Hindi,active,93,93,87,81,9
D156,Karan Rao,O+,Nashik,2026-01-23,89,919833776150,Telugu,active,94,84,74,94,4
D157,Meera Jadhav,A-,Nashik,2025-10-15,94,919896300902,Telugu,active,99,95,93,91,36
D158,Ishita Patil,B+,Nashik,2025-12-18,74,919894743076,Marathi,active,85,84,93,72,28
D159,Arjun Chavan,O+,Nashik,2025-12-08,86,919815047559,Hindi,active,84,79,69,79,28
D160,Riya Gupta,O+,Nashik,2026-02-13,89,919884399083,Telugu,active,84,91,97,82,37
D161,Priya Jadhav,B+,Nashik,2026-01-19,80,919870468188,Hindi,active,74,85,95,86,3
D162,Ved Verma,B+,Nashik,2026-01-23,71,919880339290,Tamil,active,84,77,80,92,28
D163,Ishita Deshmukh,A+,Nashik,2025-12-03,99,919890246882,Hindi,active,83,89,83,82,21
D164,Ved Verma,A+,Nashik,2026-02-12,87,919830182766,Marathi,active,78,86,89,79,38
D165,Amit Chavan,B+,Nashik,2026-01-31,99,919827307598,Tamil,active,90,92,87,79,25
D166,Amit Gupta,B+,Nashik,2025-12-02,90,919822543044,Telugu,active,74,85,86,96,33
D167,Tanvi Yadav,A+,Nashik,2026-03-04,81,919875266178,English,active,76,81,84,75,21
D168,Kavya Mehta,O+,Nashik,2026-02-17,79,919880669879,Hindi,active,94,79,71,86,34
D169,Ved Joshi,O+,Nashik,2025-12-02,74,919832218290,Telugu,active,96,79,75,75,39
D170,Omkar Patel,A+,Nashik,2025-12-05,91,919870254091,English,active,89,86,80,84,18
D171,Diya Nair,A+,Nashik,2025-11-08,98,919869135982,Gujarati,active,91,88,77,81,36
D172,Neha Agarwal,B+,Nashik,2025-10-24,83,919828575536,Marathi,active,76,78,75,96,38
D173,Priya Kapoor,A+,Nashik,2025-10-18,99,919826733967,Marathi,active,97,87,71,92,33
D174,Amit Deshmukh,O+,Nashik,2025-11-13,98,919822309586,English,active,96,97,97,74,27
D175,Omkar Shah,O+,Nashik,2025-11-22,71,919861830338,Hindi,active,81,81,90,86,15
D176,Riya Nair,O+,Nashik,2025-12-17,99,919829602406,English,active,92,86,71,96,21
D177,Priya Gupta,B+,Nashik,2026-02-01,94,919820633503,Hindi,active,89,93,95,84,0
D178,Arjun Singh,O+,Nashik,2025-10-19,93,919841895531,Marathi,active,73,91,98,83,18
D179,Sneha Patel,O+,Nashik,2025-11-21,90,919890092958,Tamil,active,73,88,94,72,31
D180,Rahul Yadav,B+,Nashik,2026-01-06,92,919892518345,Marathi,active,83,83,74,79,0
D181,Kavya Chavan,A+,Thane,2026-01-20,91,919880606503,Tamil,active,81,81,70,86,4
D182,Aditya Yadav,B+,Thane,2026-03-03,82,919860103798,Marathi,active,90,89,95,71,24
D183,Rahul Shah,O+,Thane,2025-12-10,77,919827905932,Hindi,active,88,77,71,94,21
D184,Riya Malhotra,A+,Thane,2026-01-23,96,919834464938,English,active,85,93,94,92,40
D185,Amit Jadhav,O+,Thane,2025-12-23,76,919852358553,Marathi,active,76,72,67,95,2
D186,Aditya Agarwal,B+,Thane,2025-11-07,78,919848401154,Marathi,active,90,76,67,94,12
D187,Priya Patil,O+,Thane,2026-02-05,95,919869020451,Gujarati,active,98,93,88,83,25
D188,Ved Deshmukh,B+,Thane,2025-11-01,81,919866975380,Hindi,active,95,91,98,78,5
D189,Tanvi Joshi,O+,Thane,2025-10-20,79,919898707076,Marathi,active,72,80,85,73,20
D190,Neha Jadhav,B+,Thane,2025-11-19,75,919857319709,Tamil,active,84,84,93,81,2
D191,Tanvi Rao,B+,Thane,2026-02-22,72,919814179623,English,active,86,82,90,81,10
D192,Ishita Jadhav,O+,Thane,2026-02-04,72,919858607028,Gujarati,active,90,79,80,94,23
D193,Siddharth Patel,B+,Thane,2026-01-28,91,919820319387,Tamil,active,81,90,93,81,28
D194,Karan Yadav,A+,Thane,2025-11-27,80,919834970946,Gujarati,active,73,79,82,77,1
D195,Aditya Agarwal,B+,Thane,2026-02-06,78,919892124765,Marathi,active,84,80,81,92,13
D196,Meera Singh,O+,Thane,2026-02-02,97,919821783073,Telugu,active,75,81,69,84,28
D197,Ved Shah,O-,Thane,2026-02-20,87,919831139996,Telugu,active,98,94,99,79,19
D198,Anjali Shah,B+,Thane,2026-01-10,73,919876306502,Hindi,active,74,75,77,95,15
D199,Riya Malhotra,B+,Thane,2025-12-04,84,919818824561,Marathi,active,98,82,73,89,5
D200,Yash Kapoor,B+,Thane,2025-11-23,94,919826821075,Marathi,active,88,92,91,96,4
D201,Amit Jadhav,A+,Thane,2025-10-27,81,919895871687,Tamil,active,96,81,73,98,35
D202,Anjali Mehta,A+,Thane,2025-10-31,99,919830537388,Marathi,active,73,81,68,96,33
D203,Anjali Deshmukh,A+,Thane,2026-01-10,81,919843635675,English,active,79,87,98,98,5
D204,Diya Rao,O+,Thane,2025-12-21,89,919889431184,Tamil,active,86,92,99,72,10
D205,Karan Deshmukh,B+,Thane,2025-12-12,96,919820901547,Hindi,active,97,85,67,96,1
D206,Siddharth Rao,B+,Thane,2026-01-14,94,919876845536,Telugu,active,90,92,91,89,1
D207,Diya Gupta,B+,Thane,2025-12-21,85,919849920898,Gujarati,active,95,85,80,95,25
D208,Amit Patel,O+,Thane,2025-11-16,83,919891424562,English,active,76,86,95,84,21
D209,Ved Patil,O-,Thane,2025-12-10,82,919885383550,Hindi,active,81,78,73,94,32
D210,Ved Nair,A+,Thane,2026-02-05,78,919816792127,Marathi,active,74,83,93,77,6
D211,Yash Joshi,A+,Nagpur,2026-01-04,97,919851971886,English,active,80,85,75,96,36
D212,Anjali Kapoor,B+,Nagpur,2025-11-09,85,919862780072,Tamil,active,70,82,84,85,5
D213,Omkar Nair,O+,Nagpur,2025-10-10,81,919890197611,Telugu,active,79,75,68,71,31
D214,Meera Gupta,B+,Nagpur,2026-03-06,97,919859093843,Gujarati,active,74,82,71,83,16
D215,Riya Patel,A+,Nagpur,2026-02-23,88,919819869264,Gujarati,active,87,83,77,81,18
D216,Aditya Jadhav,B-,Nagpur,2025-10-19,78,919860089832,Marathi,active,73,75,72,74,25
D217,Diya Shah,A-,Nagpur,2026-01-31,76,919816080513,Hindi,active,86,86,97,82,2
D218,Karan Patil,B+,Nagpur,2025-10-27,84,919828761086,Marathi,active,98,83,74,89,32
D219,Ishita Patil,O+,Nagpur,2025-11-28,89,919878412668,Tamil,active,80,85,84,88,32
D220,Meera Chavan,A+,Nagpur,2025-11-07,96,919865907088,Tamil,active,80,81,66,81,7
D221,Neha Sharma,B+,Nagpur,2025-11-07,78,919874484744,English,active,71,77,79,93,37
D222,Aditya Joshi,AB-,Nagpur,2025-12-01,74,919835606639,Hindi,active,88,79,80,71,7
D223,Omkar Patil,A+,Nagpur,2026-01-29,83,919873297813,Telugu,active,86,82,78,83,39
D224,Priya Mehta,B+,Nagpur,2026-01-14,87,919860576565,Marathi,active,85,86,85,91,33
D225,Anjali Jadhav,B+,Nagpur,2025-12-11,87,919891883092,Gujarati,active,94,88,87,91,16
D226,Rohan Nair,A+,Nagpur,2025-10-17,79,919837820354,Telugu,active,94,82,79,79,18
D227,Meera Patil,B+,Nagpur,2025-12-09,87,919882905845,Gujarati,active,73,82,82,79,36
D228,Yash Shah,B-,Nagpur,2026-01-30,79,919856488123,Gujarati,active,92,77,67,79,5
D229,Arjun Kapoor,O+,Nagpur,2026-01-16,96,919846456416,English,active,99,98,99,78,35
D230,Sneha Joshi,A-,Nagpur,2025-10-09,77,919840289135,Telugu,active,91,81,80,71,33
D231,Kavya Patel,O+,Nagpur,2025-11-23,80,919810695441,Tamil,active,91,88,95,73,8
D232,Anjali More,B+,Nagpur,2025-11-07,85,919848307798,Telugu,active,79,81,77,94,20
D233,Priya Verma,B+,Nagpur,2025-10-13,77,919833496796,Gujarati,active,93,89,99,93,2
D234,Anjali Patel,A+,Nagpur,2025-11-02,75,919850049524,Tamil,active,71,77,83,98,0
D235,Ishita Kulkarni,A+,Nagpur,2025-12-26,84,919877674279,Gujarati,active,85,90,99,86,8
D236,Arjun Singh,O+,Nagpur,2025-12-14,75,919811890348,Telugu,active,78,83,94,90,11
D237,Ved Gupta,B+,Nagpur,2026-01-18,75,919854013571,Hindi,active,83,83,90,96,32
D238,Yash Kulkarni,O+,Nagpur,2026-02-01,85,919845002007,Gujarati,active,77,83,85,99,0
D239,Kavya Jadhav,A-,Nagpur,2025-12-30,80,919811534878,Marathi,active,93,84,84,88,36
D240,Riya Nair,O+,Nagpur,2026-02-06,84,919851738753,Telugu,active,82,84,84,75,32
D241,Sneha Gupta,A+,Hyderabad,2026-01-11,77,919891300905,Marathi,active,74,75,73,85,29
D242,Tanvi Malhotra,B+,Hyderabad,2025-10-22,95,919820988446,Tamil,active,77,85,78,94,38
D243,Omkar Yadav,O-,Hyderabad,2025-12-06,72,919877845324,English,active,96,77,72,71,35
D244,Siddharth Malhotra,O+,Hyderabad,2026-01-25,80,919888268756,Gujarati,active,73,86,98,84,13
D245,Amit Yadav,A+,Hyderabad,2026-02-22,84,919885686878,Hindi,active,83,79,73,86,29
D246,Diya Jadhav,AB+,Hyderabad,2025-12-20,93,919839246218,Tamil,active,78,79,66,82,0
D247,Amit Patel,A+,Hyderabad,2025-12-10,92,919873360324,Hindi,active,71,79,69,87,4
D248,Neha More,O+,Hyderabad,2026-02-02,94,919870201634,Gujarati,active,98,94,91,81,24
D249,Yash Verma,AB+,Hyderabad,2025-10-21,74,919862755436,Tamil,active,75,79,87,73,34
D250,Karan Nair,O+,Hyderabad,2026-03-03,79,919866925500,Tamil,active,93,88,94,91,34
D251,Yash Nair,O+,Hyderabad,2025-11-11,81,919814324134,Telugu,active,76,77,74,78,7
D252,Tanvi Joshi,B-,Hyderabad,2026-03-04,77,919814506531,Gujarati,active,73,77,78,72,38
D253,Ishita Patel,O+,Hyderabad,2026-02-25,82,919817575790,English,active,87,87,93,77,13
D254,Aditya Gupta,O+,Hyderabad,2025-10-12,80,919898612211,Tamil,active,79,82,85,77,9
D255,Kavya More,A+,Hyderabad,2025-12-28,71,919884605013,Gujarati,active,91,77,76,90,27
D256,Priya Shah,B+,Hyderabad,2025-12-01,95,919864795619,English,active,92,96,98,80,26
D257,Neha Agarwal,O+,Hyderabad,2025-10-22,85,919829374563,Gujarati,active,77,81,80,97,19
D258,Priya Malhotra,A+,Hyderabad,2025-11-22,87,919844224936,English,active,82,90,98,74,15
D259,Ved Verma,A+,Hyderabad,2025-12-04,72,919816917129,Marathi,active,96,88,99,93,12
D260,Yash Joshi,B+,Hyderabad,2026-02-26,97,919885007641,English,active,95,85,69,76,37
D261,Meera Singh,A+,Hyderabad,2025-12-21,99,919825745913,Telugu,active,99,85,65,76,12
D262,Meera Nair,AB+,Hyderabad,2026-01-15,82,919861091554,Gujarati,active,80,81,80,87,18
D263,Diya Shah,A+,Hyderabad,2026-01-01,81,919823234972,Telugu,active,85,88,97,98,29
D264,Meera Patil,O+,Hyderabad,2025-12-04,80,919829585415,Hindi,active,88,86,91,71,14
D265,Arjun Malhotra,B+,Hyderabad,2025-10-11,93,919854273769,English,active,74,88,91,79,12
D266,Yash Chavan,O+,Hyderabad,2025-11-01,87,919896126771,Telugu,active,94,88,86,78,31
D267,Meera Jadhav,O+,Hyderabad,2025-12-08,75,919834702473,Tamil,active,87,77,73,93,31
D268,Priya Yadav,O+,Hyderabad,2026-02-17,96,919828453800,Telugu,active,70,80,68,94,26
D269,Kavya Verma,O-,Hyderabad,2026-01-29,70,919818113477,Tamil,active,84,76,78,86,23
D270,Ishita Kapoor,B+,Hyderabad,2025-11-04,70,919811590610,Hindi,active,87,71,65,87,26
D271,Aditya Rao,B+,Hyderabad,2025-12-25,70,919834060788,Hindi,active,92,85,97,96,27
D272,Sneha Yadav,O+,Hyderabad,2026-01-06,76,919845879718,Gujarati,active,96,89,98,78,22
D273,Amit Shah,A+,Hyderabad,2025-11-11,88,919820820219,Telugu,active,77,83,80,92,19
D274,Priya Verma,A+,Hyderabad,2025-12-01,82,919833002714,Hindi,active,90,89,95,71,0
D275,Meera More,B+,Hyderabad,2025-12-14,88,919840838737,English,active,86,81,71,98,2
D276,Siddharth Kapoor,O+,Hyderabad,2026-02-25,99,919882884346,Tamil,active,99,87,69,91,17
D277,Priya Deshmukh,A+,Hyderabad,2026-03-04,76,919820326375,Marathi,active,96,79,74,94,25
D278,Anjali Chavan,O+,Hyderabad,2025-10-14,96,919854524025,Gujarati,active,98,94,89,91,34
D279,Karan Verma,B+,Hyderabad,2025-12-10,71,919855713584,Tamil,active,77,72,71,83,4
D280,Ishita Joshi,A+,Hyderabad,2025-12-15,70,919840620216,Marathi,active,84,78,82,95,31
D281,Diya Agarwal,A+,Bengaluru,2026-01-20,91,919849645162,English,active,94,91,89,72,39
D282,Amit Verma,O+,Bengaluru,2026-01-28,82,919858412365,Hindi,active,82,79,74,93,20
D283,Amit Sharma,A+,Bengaluru,2025-11-15,81,919835151299,Gujarati,active,74,80,82,73,5
D284,Omkar Malhotra,B+,Bengaluru,2025-10-28,83,919884386123,Hindi,active,72,76,71,70,22
D285,Ishita Joshi,A+,Bengaluru,2025-11-30,70,919885099723,English,active,82,78,83,83,5
D286,Siddharth Yadav,O+,Bengaluru,2025-12-01,75,919876185975,English,active,79,75,73,78,17
D287,Amit Deshmukh,A+,Bengaluru,2025-12-28,83,919858469365,Marathi,active,95,86,84,85,4
D288,Kavya Kapoor,B+,Bengaluru,2026-01-17,84,919863108878,Marathi,active,79,78,71,74,0
D289,Ishita Agarwal,A+,Bengaluru,2025-11-16,80,919828270317,Marathi,active,96,88,92,96,38
D290,Ved Joshi,AB+,Bengaluru,2026-01-16,85,919849117508,Telugu,active,82,84,85,75,20
D291,Meera Chavan,O+,Bengaluru,2025-12-15,82,919858991556,Hindi,active,95,85,82,96,25
D292,Siddharth Singh,B+,Bengaluru,2025-10-20,75,919868848427,Marathi,active,84,73,66,93,13
D293,Amit More,AB+,Bengaluru,2025-11-01,74,919866791272,Gujarati,active,78,79,84,77,9
D294,Amit Jadhav,B+,Bengaluru,2025-11-06,88,919882966824,Hindi,active,86,88,90,87,26
D295,Riya Malhotra,B+,Bengaluru,2026-02-15,73,919832325574,Telugu,active,91,79,80,91,22
D296,Ishita Patel,B+,Bengaluru,2025-11-26,94,919811415698,Hindi,active,83,89,86,95,6
D297,Arjun Nair,B+,Bengaluru,2025-10-27,87,919872151291,Telugu,active,81,83,79,84,25
D298,Siddharth Yadav,O+,Bengaluru,2025-12-10,70,919821523236,Hindi,active,79,82,95,73,26
D299,Karan Shah,A+,Bengaluru,2025-12-11,84,919873909453,Hindi,active,85,82,78,86,22
D300,Omkar Jadhav,A+,Bengaluru,2026-02-19,79,919813031322,Marathi,active,92,77,67,95,7
D301,Sneha Deshmukh,A-,Bengaluru,2026-01-05,86,919885141654,Gujarati,active,75,80,76,87,21
D302,Omkar Nair,A+,Bengaluru,2026-01-20,75,919836484437,Gujarati,active,70,81,92,82,39
D303,Siddharth More,A+,Bengaluru,2026-03-07,92,919887490324,Hindi,active,78,84,78,76,4
D304,Diya Deshmukh,A+,Bengaluru,2025-12-15,76,919880828710,Telugu,active,78,84,94,73,31
D305,Ved Joshi,A+,Bengaluru,2025-11-28,88,919892861016,English,active,81,80,72,81,29
D306,Neha Joshi,B+,Bengaluru,2026-02-15,91,919850987410,Hindi,active,73,80,73,80,15
D307,Anjali Shah,AB+,Bengaluru,2026-01-31,86,919887149161,Gujarati,active,89,88,89,83,8
D308,Tanvi Deshmukh,B+,Bengaluru,2025-10-22,92,919848766747,English,active,75,82,76,87,31
D309,Anjali Patil,A+,Bengaluru,2026-02-23,97,919836189702,Gujarati,active,85,91,87,70,8
D310,Diya Yadav,B+,Bengaluru,2025-11-02,83,919875592138,English,active,92,90,96,83,28
D311,Amit Chavan,O+,Bengaluru,2026-01-11,79,919848744673,English,active,77,74,67,78,34
D312,Omkar Chavan,A-,Bengaluru,2025-11-02,87,919845955440,Tamil,active,88,91,97,73,7
D313,Riya Malhotra,A-,Bengaluru,2026-02-26,94,919823746101,Telugu,active,76,90,93,87,27
D314,Kavya Gupta,O+,Bengaluru,2025-11-13,78,919868930964,Hindi,active,96,85,87,97,5
D315,Kavya Singh,A-,Bengaluru,2025-10-09,92,919894929036,Gujarati,active,92,90,87,97,39
D316,Anjali Joshi,O+,Bengaluru,2026-01-15,96,919857085656,Tamil,active,71,84,78,95,36
D317,Arjun Joshi,B+,Bengaluru,2026-01-24,80,919879043610,Telugu,active,88,83,83,79,17
D318,Sneha Mehta,A-,Bengaluru,2025-11-23,99,919827809465,English,active,97,86,68,78,8
D319,Karan Patil,O+,Bengaluru,2025-11-28,85,919894263610,Gujarati,active,90,82,74,88,17
D320,Yash Jadhav,O+,Bengaluru,2026-02-13,82,919871028216,Gujarati,active,78,87,97,93,23
D321,Ved Chavan,O+,Chennai,2026-02-13,93,919818500100,Tamil,active,91,93,94,90,22
D322,Yash Singh,A+,Chennai,2026-01-13,85,919855332729,Tamil,active,96,86,82,80,18
D323,Siddharth Mehta,B+,Chennai,2025-11-04,95,919816166355,Hindi,active,91,91,86,98,3
D324,Omkar Sharma,O+,Chennai,2026-01-27,84,919827705074,Telugu,active,83,88,94,70,12
D325,Neha Deshmukh,A+,Chennai,2026-02-13,90,919899188862,Telugu,active,72,86,88,78,23
D326,Anjali Patel,A+,Chennai,2025-12-20,93,919822775337,Hindi,active,90,87,79,83,5
D327,Rohan Kapoor,O+,Chennai,2026-02-03,88,919811246473,Hindi,active,91,85,79,86,28
D328,Ved Kulkarni,A+,Chennai,2026-02-03,85,919823747542,Hindi,active,82,78,69,77,5
D329,Ved Shah,A+,Chennai,2026-02-01,82,919819182050,Tamil,active,91,80,73,90,9
D330,Siddharth Sharma,B+,Chennai,2026-01-25,84,919830317091,Gujarati,active,76,84,87,93,40
D331,Ishita Jadhav,O+,Chennai,2026-02-14,98,919889131271,Telugu,active,94,86,71,74,7
D332,Yash Shah,A+,Chennai,2025-12-18,95,919843308414,Tamil,active,78,83,73,77,5
D333,Ishita Joshi,O-,Chennai,2025-12-26,94,919837574457,Tamil,active,97,83,66,97,19
D334,Ishita Yadav,O+,Chennai,2025-11-28,79,919876422705,Gujarati,active,98,78,68,95,15
D335,Sneha Nair,B+,Chennai,2026-02-18,86,919827714442,Gujarati,active,99,80,65,81,20
D336,Siddharth More,A+,Chennai,2025-10-20,91,919812240013,Tamil,active,85,84,76,94,4
D337,Amit Sharma,O+,Chennai,2026-01-12,71,919848451741,Telugu,active,82,72,68,95,32
D338,Aditya More,A+,Chennai,2025-11-26,72,919847241089,Hindi,active,89,86,99,87,9
D339,Neha Verma,B+,Chennai,2026-01-15,95,919888710263,Telugu,active,80,84,74,87,25
D340,Amit Gupta,AB+,Chennai,2025-11-17,93,919868315400,Hindi,active,77,85,80,71,5
D341,Omkar Joshi,B+,Chennai,2026-02-22,79,919811523452,English,active,70,76,76,73,8
D342,Meera Shah,B+,Chennai,2025-10-27,95,919846072958,Telugu,active,81,87,81,75,8
D343,Sneha Sharma,A+,Chennai,2025-11-19,78,919894226031,Hindi,active,78,86,98,72,36
D344,Meera Jadhav,B+,Chennai,2025-12-06,71,919859350218,English,active,88,84,96,97,10
D345,Arjun Kulkarni,B+,Chennai,2026-02-07,77,919842823140,Hindi,active,71,84,97,70,0
D346,Meera Shah,A+,Chennai,2026-01-29,75,919840133935,Marathi,active,95,76,67,87,26
D347,Kavya More,O-,Chennai,2025-12-17,78,919877382794,Telugu,active,81,75,69,88,7
D348,Priya Deshmukh,O+,Chennai,2025-10-27,71,919847890586,Marathi,active,98,84,90,72,29
D349,Ved Verma,B+,Chennai,2025-11-12,70,919850790016,Telugu,active,79,79,88,76,36
D350,Ishita Nair,A+,Chennai,2025-12-04,88,919883357939,English,active,94,92,96,94,12
D351,Karan Sharma,A+,Chennai,2026-03-02,77,919854965270,Hindi,active,90,88,99,81,0
D352,Yash Gupta,O+,Chennai,2026-01-15,86,919829109045,Telugu,active,85,83,80,83,3
D353,Arjun Verma,O+,Chennai,2026-01-08,98,919871533194,Telugu,active,92,97,98,83,23
D354,Amit Chavan,O+,Chennai,2025-10-30,74,919818359464,Gujarati,active,88,83,90,72,36
D355,Karan Nair,A+,Chennai,2026-01-01,97,919853788744,Marathi,active,95,92,85,99,25
D356,Omkar Rao,O+,Chennai,2026-02-17,76,919824626086,English,active,94,78,73,94,37
D357,Sneha Deshmukh,A+,Chennai,2025-11-09,80,919837868462,Gujarati,active,87,86,91,73,22
D358,Neha Jadhav,O+,Chennai,2026-02-06,72,919890973889,Hindi,active,91,77,75,95,19
D359,Rohan Patil,O+,Chennai,2026-02-13,92,919816570040,Telugu,active,82,85,80,81,32
D360,Neha Rao,O+,Chennai,2026-03-01,82,919843534652,Hindi,active,93,89,93,87,35
D361,Omkar Kulkarni,O+,Ahmedabad,2026-02-05,70,919827544302,English,active,94,74,68,96,14
D362,Yash Shah,AB+,Ahmedabad,2026-02-15,88,919812925970,Hindi,active,96,87,81,99,4
D363,Rohan Jadhav,O+,Ahmedabad,2026-02-13,98,919816796477,English,active,71,88,86,73,29
D364,Siddharth More,O-,Ahmedabad,2025-11-27,85,919833193791,Marathi,active,91,79,66,82,27
D365,Rohan Deshmukh,A+,Ahmedabad,2025-12-27,84,919892809273,English,active,89,81,74,71,39
D366,Neha Kapoor,A+,Ahmedabad,2025-10-19,85,919828419506,Gujarati,active,78,77,68,72,24
D367,Rohan Yadav,O+,Ahmedabad,2025-10-20,95,919874382155,Tamil,active,95,83,66,82,22
D368,Meera Shah,B+,Ahmedabad,2025-10-31,80,919852799022,Tamil,active,75,83,89,78,1
D369,Kavya Sharma,AB-,Ahmedabad,2025-12-27,71,919841240803,English,active,81,83,95,86,37
D370,Sneha Nair,B+,Ahmedabad,2026-01-06,78,919839448924,Tamil,active,95,90,99,96,3
D371,Yash Shah,O+,Ahmedabad,2026-01-22,77,919889398174,Hindi,active,93,83,85,95,22
D372,Riya Chavan,B+,Ahmedabad,2026-01-31,88,919882762732,Marathi,active,95,85,77,96,31
D373,Anjali Kapoor,O+,Ahmedabad,2026-02-13,71,919880658723,Gujarati,active,77,75,79,89,1
D374,Rahul Patil,B+,Ahmedabad,2026-01-16,95,919853431355,Hindi,active,92,86,73,80,11
D375,Rahul Mehta,B+,Ahmedabad,2026-01-31,94,919819735027,Marathi,active,86,84,72,97,23
D376,Yash Chavan,O+,Ahmedabad,2025-12-12,79,919895800828,Gujarati,active,75,81,85,74,27
D377,Ved Deshmukh,O-,Ahmedabad,2025-10-16,92,919833535297,Gujarati,active,91,90,87,77,37
D378,Neha Gupta,O+,Ahmedabad,2026-01-22,93,919886166246,Hindi,active,88,81,65,92,25
D379,Anjali Joshi,A+,Ahmedabad,2026-01-11,90,919854448673,Telugu,active,85,81,71,99,9
D380,Amit Nair,A+,Ahmedabad,2025-12-17,75,919855063530,Gujarati,active,92,76,70,96,40
D381,Rahul Rao,O+,Ahmedabad,2026-01-04,92,919810171954,Hindi,active,78,80,69,81,6
D382,Yash Jadhav,O-,Ahmedabad,2025-11-21,75,919857141449,Tamil,active,98,86,91,85,24
D383,Yash Kulkarni,B+,Ahmedabad,2025-10-12,90,919814484588,Marathi,active,84,84,79,75,4
D384,Rahul Patil,O+,Ahmedabad,2026-02-10,72,919831596235,Telugu,active,98,83,86,75,24
D385,Amit Malhotra,O+,Ahmedabad,2025-12-12,89,919897729428,English,active,70,88,95,92,27
D386,Ishita More,O+,Ahmedabad,2026-02-23,73,919884371711,Telugu,active,76,79,86,76,26
D387,Diya Rao,B+,Ahmedabad,2025-12-26,79,919886741644,Tamil,active,71,78,80,73,25
D388,Meera Mehta,O+,Ahmedabad,2025-12-06,70,919890559564,Gujarati,active,79,81,92,72,40
D389,Rohan Kulkarni,O+,Ahmedabad,2026-01-15,75,919851386492,Gujarati,active,85,80,83,72,7
D390,Meera Kapoor,B+,Ahmedabad,2025-12-31,72,919861196706,Marathi,active,75,83,99,82,23
D391,Anjali Jadhav,O+,Delhi,2025-12-31,84,919885731895,Hindi,active,77,87,94,78,17
D392,Karan Kulkarni,O+,Delhi,2025-12-10,95,919840536245,Tamil,active,94,96,99,83,37
D393,Priya Agarwal,B+,Delhi,2025-11-21,87,919873922841,Marathi,active,98,92,95,88,15
D394,Amit Agarwal,O-,Delhi,2026-02-28,86,919829790089,Hindi,active,88,91,98,95,39
D395,Omkar Deshmukh,O+,Delhi,2026-01-13,95,919820518444,Telugu,active,71,83,77,74,27
D396,Tanvi Singh,B+,Delhi,2026-01-30,96,919821680625,Gujarati,active,99,91,81,80,4
D397,Diya Agarwal,B+,Delhi,2025-12-15,97,919893625419,Tamil,active,84,88,82,86,0
D398,Aditya More,O+,Delhi,2025-11-22,74,919823449152,Hindi,active,88,77,74,88,37
D399,Siddharth Kulkarni,A+,Delhi,2025-10-22,98,919861411224,Telugu,active,83,91,87,98,16
D400,Meera Chavan,B+,Delhi,2025-11-07,71,919892979370,Tamil,active,82,75,76,78,9
D401,Yash Patel,A+,Delhi,2025-12-14,92,919846048781,Marathi,active,93,87,80,71,30
D402,Rahul Patil,A+,Delhi,2025-12-19,78,919840595926,English,active,92,88,96,97,6
D403,Neha Jadhav,AB-,Delhi,2025-12-16,78,919835224301,Gujarati,active,90,86,91,89,5
D404,Rohan More,A-,Delhi,2025-11-04,94,919879158328,English,active,81,93,98,97,3
D405,Amit Gupta,O-,Delhi,2025-10-30,82,919886325904,Hindi,active,97,81,73,94,33
D406,Anjali Singh,O+,Delhi,2026-02-22,77,919836724061,Marathi,active,71,72,67,84,23
D407,Riya Jadhav,B+,Delhi,2025-11-27,90,919859991642,Gujarati,active,70,79,72,91,15
D408,Ishita Jadhav,O+,Delhi,2025-11-07,88,919822132198,Marathi,active,75,85,87,81,16
D409,Rahul Agarwal,O+,Delhi,2026-01-26,97,919837746963,Marathi,active,77,85,78,97,14
D410,Tanvi Yadav,O+,Delhi,2026-03-06,85,919811135982,English,active,75,78,73,90,38
D411,Arjun Joshi,A+,Delhi,2025-12-28,83,919843822694,English,active,81,85,89,97,29
D412,Omkar Gupta,AB+,Delhi,2025-10-26,96,919878654208,Telugu,active,73,89,90,88,0
D413,Riya Malhotra,B+,Delhi,2025-12-26,79,919847108953,Telugu,active,72,74,71,85,21
D414,Ved Rao,O+,Delhi,2025-12-22,76,919817620167,Tamil,active,94,79,74,86,15
D415,Yash Patil,AB+,Delhi,2026-02-01,93,919844819604,Gujarati,active,85,81,66,90,18
D416,Yash Agarwal,A-,Delhi,2026-02-27,88,919881757508,Telugu,active,93,85,77,80,14
D417,Meera Shah,B+,Delhi,2025-12-22,97,919834311643,Marathi,active,91,87,75,96,35
D418,Sneha Kapoor,O+,Delhi,2026-01-01,93,919897836731,Hindi,active,98,87,76,91,21
D419,Kavya Shah,O+,Delhi,2025-12-20,83,919849466873,Gujarati,active,78,83,86,81,37
D420,Sneha Kapoor,O+,Delhi,2025-10-10,88,919877172936,Hindi,active,98,82,69,85,12
D421,Yash Yadav,A+,Delhi,2025-11-23,71,919864920799,Tamil,active,76,73,74,74,21
D422,Omkar Mehta,A+,Delhi,2026-01-21,94,919833732951,Marathi,active,80,82,70,85,40
D423,Priya Sharma,A+,Delhi,2025-12-28,76,919875709924,Hindi,active,94,79,75,88,10
D424,Karan Joshi,A+,Delhi,2025-11-19,82,919815063406,Tamil,active,82,86,92,85,0
D425,Rohan Shah,O+,Delhi,2025-12-16,94,919894112495,Telugu,active,70,91,98,76,0
D426,Kavya Nair,AB+,Delhi,2025-12-10,79,919889010042,Marathi,active,82,77,73,73,32
D427,Anjali Verma,O+,Delhi,2025-12-22,79,919880345879,Marathi,active,86,86,94,93,38
D428,Tanvi Mehta,A+,Delhi,2025-11-03,81,919812566878,English,active,99,83,77,75,25
D429,Kavya Mehta,O+,Delhi,2026-03-03,88,919897314051,Hindi,active,73,89,97,75,23
D430,Yash Rao,B-,Delhi,2025-10-23,89,919897720360,Hindi,active,71,77,68,89,6
D431,Priya Kulkarni,A+,Delhi,2025-11-15,82,919830552371,English,active,78,77,72,87,30
D432,Rahul Gupta,A+,Delhi,2026-02-11,91,919828409776,Gujarati,active,89,93,98,78,38
D433,Sneha Yadav,O-,Delhi,2026-02-06,79,919836661903,Tamil,active,73,75,72,95,31
D434,Rohan Rao,B+,Delhi,2026-01-16,81,919883569939,Gujarati,active,75,84,91,79,2
D435,Rohan Kapoor,A+,Delhi,2026-01-07,70,919887061479,Telugu,active,72,68,65,91,7
D436,Meera Mehta,O+,Delhi,2025-10-29,72,919871304112,Marathi,active,78,73,71,98,14
D437,Arjun Jadhav,O+,Delhi,2026-02-11,96,919858347193,Telugu,active,71,83,76,97,18
D438,Ved More,A-,Delhi,2026-02-07,73,919899034004,Telugu,active,97,75,67,70,8
D439,Anjali Patil,A+,Delhi,2025-11-16,89,919860012498,Marathi,active,93,87,82,98,5
D440,Anjali Kulkarni,A+,Delhi,2025-11-26,84,919866604960,Telugu,active,82,83,82,96,30
D441,Anjali Kulkarni,O+,Mumbai Metro,2026-02-21,97,919874783521,Tamil,active,83,85,75,73,37
D442,Omkar Deshmukh,B+,Mumbai Metro,2025-12-01,94,919874837853,Gujarati,active,70,86,87,89,8
D443,Sneha More,A+,Mumbai Metro,2026-02-25,72,919880439867,Telugu,active,80,77,81,90,0
D444,Siddharth Chavan,O+,Mumbai Metro,2025-12-12,86,919822783183,Gujarati,active,92,92,98,92,39
D445,Kavya Kapoor,A+,Mumbai Metro,2025-11-30,74,919877856130,Gujarati,active,90,75,68,70,10
D446,Meera Deshmukh,O+,Mumbai Metro,2025-11-03,80,919878038903,English,active,78,80,80,80,3
D447,Diya Agarwal,A+,Mumbai Metro,2026-01-07,72,919870142774,Hindi,active,95,85,94,84,36
D448,Meera Jadhav,A+,Mumbai Metro,2026-02-06,85,919814809280,Tamil,active,82,77,66,73,26
D449,Diya Sharma,O+,Mumbai Metro,2025-12-21,98,919855748676,Marathi,active,76,93,97,87,29
D450,Priya Nair,A+,Mumbai Metro,2025-12-14,87,919870737878,Hindi,active,91,91,95,92,23
D451,Sneha Nair,O+,Mumbai Metro,2025-12-11,81,919824270328,Hindi,active,86,83,83,87,23
D452,Anjali Kapoor,O+,Mumbai Metro,2025-11-24,73,919826206227,Gujarati,active,76,77,81,89,12
D453,Rohan Jadhav,O+,Mumbai Metro,2025-12-12,73,919889028889,Hindi,active,99,85,91,71,40
D454,Omkar Jadhav,B+,Mumbai Metro,2025-10-09,86,919816519170,Tamil,active,70,78,73,85,33
D455,Tanvi Chavan,B+,Mumbai Metro,2025-10-29,94,919827231111,Hindi,active,88,86,76,92,11
D456,Yash Joshi,B+,Mumbai Metro,2025-12-16,86,919846721417,Gujarati,active,89,88,89,83,15
D457,Ved Gupta,A+,Mumbai Metro,2026-02-02,74,919850119441,Telugu,active,92,84,91,89,32
D458,Diya Patil,O-,Mumbai Metro,2025-10-18,90,919849000919,Telugu,active,76,82,78,76,39
D459,Riya Mehta,O-,Mumbai Metro,2026-01-22,86,919825489430,Marathi,active,90,92,99,92,20
D460,Diya Kapoor,B+,Mumbai Metro,2025-10-13,91,919848376603,Gujarati,active,93,91,91,91,34
D461,Rahul Yadav,O+,Mumbai Metro,2026-03-02,82,919836830448,Marathi,active,91,81,74,71,3
D462,Anjali Gupta,AB+,Mumbai Metro,2026-01-03,74,919837380537,Tamil,active,95,76,68,92,18
D463,Priya Shah,A+,Mumbai Metro,2026-02-10,89,919862195484,English,active,90,85,79,93,35
D464,Aditya Gupta,AB+,Mumbai Metro,2026-02-24,99,919884104909,Hindi,active,83,92,89,82,20
D465,Rahul Rao,O+,Mumbai Metro,2025-11-15,96,919888971743,Tamil,active,90,88,79,99,23
D466,Ishita Singh,AB-,Mumbai Metro,2026-01-18,79,919835095571,English,active,91,87,93,75,4
D467,Aditya Kulkarni,A+,Mumbai Metro,2026-02-26,83,919831599504,Tamil,active,78,82,82,87,8
D468,Arjun Sharma,A+,Mumbai Metro,2025-11-09,92,919890111922,Hindi,active,74,81,74,71,20
D469,Ishita Gupta,B+,Mumbai Metro,2025-10-13,87,919880517332,English,active,95,89,87,72,20
D470,Anjali Yadav,O+,Mumbai Metro,2025-10-30,75,919822340723,Marathi,active,87,84,91,87,25
D471,Kavya Singh,B+,Mumbai Metro,2025-12-14,80,919881202356,Gujarati,active,76,82,88,79,39
D472,Diya Sharma,O+,Mumbai Metro,2025-12-10,84,919893366885,English,active,90,84,80,98,39
D473,Priya Patil,A+,Mumbai Metro,2026-02-07,82,919813315946,Tamil,active,93,84,81,87,18
D474,Riya Yadav,B+,Mumbai Metro,2025-11-14,85,919852991650,Tamil,active,98,80,67,79,12
D475,Amit Kulkarni,O+,Mumbai Metro,2025-10-22,87,919899970857,Telugu,active,72,75,65,90,13
D476,Rohan More,O+,Mumbai Metro,2026-01-15,87,919830636590,Hindi,active,96,91,92,90,4
D477,Omkar Patil,O+,Mumbai Metro,2026-02-14,72,919884904794,Hindi,active,95,75,68,75,16
D478,Siddharth Nair,O+,Mumbai Metro,2025-11-24,82,919852467059,Hindi,active,82,86,93,90,27
D479,Yash Kulkarni,B+,Mumbai Metro,2026-03-07,90,919816109168,Telugu,active,93,82,69,94,37
D480,Amit Shah,B+,Mumbai Metro,2026-02-09,79,919868743898,Gujarati,active,72,80,84,89,18
D481,Yash Sharma,B+,Mumbai Metro,2026-01-27,87,919883245898,Marathi,active,93,85,79,74,25
D482,Karan Gupta,AB+,Mumbai Metro,2025-12-03,70,919886868988,Tamil,active,71,72,74,73,0
D483,Yash Malhotra,B+,Mumbai Metro,2026-02-15,79,919838418851,Gujarati,active,93,81,78,93,22
D484,Aditya Mehta,O+,Mumbai Metro,2026-01-20,77,919886140729,Hindi,active,73,78,81,76,11
D485,Diya Jadhav,B+,Mumbai Metro,2025-10-19,72,919823180503,English,active,72,76,83,91,16
D486,Siddharth Kapoor,A+,Mumbai Metro,2025-12-07,74,919819369589,English,active,79,77,80,73,39
D487,Ved Kapoor,A+,Mumbai Metro,2025-12-14,89,919885907105,Tamil,active,88,87,84,92,9
D488,Riya Patil,A+,Mumbai Metro,2026-01-24,70,919896011893,Gujarati,active,95,81,85,77,14
D489,Arjun Shah,O+,Mumbai Metro,2025-12-14,98,919850999730,Gujarati,active,84,94,95,84,22
D490,Diya Kulkarni,O+,Mumbai Metro,2026-02-16,96,919882292089,English,active,96,90,82,97,8
D491,Arjun Verma,O-,Mumbai Metro,2026-02-17,98,919814186818,Tamil,active,86,83,66,97,40
D492,Siddharth Agarwal,B-,Mumbai Metro,2026-01-13,99,919882434236,Gujarati,active,78,82,67,87,34
D493,Karan Shah,A+,Mumbai Metro,2026-01-10,98,919878506338,Hindi,active,84,89,83,74,32
D494,Yash Shah,B+,Mumbai Metro,2026-03-06,91,919832259144,Tamil,active,95,87,80,97,39
D495,Karan Jadhav,O+,Mumbai Metro,2026-01-22,88,919858156722,Hindi,active,93,83,74,93,30
D496,Kavya Kapoor,O+,Mumbai Metro,2026-02-20,78,919879509378,Marathi,active,71,81,88,77,13
D497,Yash Kapoor,A+,Mumbai Metro,2026-02-25,71,919895035920,Marathi,active,92,81,85,73,33
D498,Arjun Chavan,B+,Mumbai Metro,2025-10-14,75,919888876916,Telugu,active,82,82,89,90,23
D499,Amit Yadav,O+,Mumbai Metro,2025-12-02,99,919856309454,Gujarati,active,82,88,79,86,22
D500,Meera Joshi,O+,Mumbai Metro,2025-10-31,98,919820346606,Tamil,active,75,83,73,84,14